{"cameraMode":{"drawMode":0,"name":"Shaded","section":"Shading Mode"},"sceneLighting":false,"audioPlay":false,"sceneViewState":{"showFog":true,"showMaterialUpdate":false,"showSkybox":false,"showFlares":true,"showImageEffects":true,"showParticleSystems":true},"in2DMode":false,"pivot":{"x":-0.08111140131950379,"y":0.12126225233078003,"z":0.022687554359436036},"rotation":{"x":-0.31352439522743227,"y":0.0702764242887497,"z":-0.023273993283510209,"w":-0.9466955661773682},"size":1.7280235290527344,"orthographic":false}