{"cameraMode":{"drawMode":0,"name":"Shaded","section":"Shading Mode"},"sceneLighting":true,"audioPlay":false,"sceneViewState":{"showFog":true,"showMaterialUpdate":false,"showSkybox":true,"showFlares":true,"showImageEffects":true,"showParticleSystems":true},"in2DMode":false,"pivot":{"x":-0.6890625953674316,"y":-2.3223819732666017,"z":7.706289291381836},"rotation":{"x":0.18745310604572297,"y":-0.06595892459154129,"z":0.01261761225759983,"w":0.9799812436103821},"size":5.151503086090088,"orthographic":false}